path,reason
story\AISEN-PREPARATION-WEEKS.md,missing front-matter
story\AISEN-WAR-SERVICE.md,missing front-matter
story\ALDRIC-MENTOR-SCENES.md,missing front-matter
story\CASPIAN-HEART-LOSS-SCENE.md,missing front-matter
story\CHARACTER-COLLISION-SCENES.md,missing front-matter
story\COMPREHENSIVE-CONTENT-INDEX.md,missing front-matter
story\CORVIN-BARGAIN-SCENE.md,missing front-matter
story\CORVIN-HOLLOW-KNIGHT-FINAL.md,missing front-matter
story\epilogue-mira-followup-expanded.md,missing front-matter
story\KAEL-BEAST-ECOSYSTEM-SCENE.md,missing front-matter
story\KAIROS-LOOP-MONTAGE.md,missing front-matter
story\KAIROS-SILENT-WITNESS.md,missing front-matter
story\MASTER-NARRATIVE-FULL.md,missing front-matter
story\MASTER-NARRATIVE.md,missing front-matter
story\ORIN-DRUNK-CONFESSION.md,missing front-matter
story\ORIN-WANDERER.md,missing front-matter
story\REFUGEE-PERSPECTIVES-ESCAPE.md,missing front-matter
story\RYO-ADDITIONAL-SCENES.md,missing front-matter
story\RYO-UNIFIED-BEING.md,missing front-matter
story\scene-aftermath-caspian-wounds.md,missing front-matter
story\scene-aisen-meets-healer.md,missing front-matter
story\scene-amara-confession.md,missing front-matter
story\scene-bloodheart-observes.md,missing front-matter
story\scene-clone-master-joins-triad.md,missing front-matter
story\scene-funeral-caspian-ambush.md,missing front-matter
story\scene-harvest-node-convergence.md,missing front-matter
story\scene-hydromancer-first-encounter.md,missing front-matter
story\scene-hydromancer-meets-ensemble.md,missing front-matter
story\scene-node-expedition.md,missing front-matter
story\scene-stringline-ambush.md,missing front-matter
story\SCENE-TRIBUNAL.md,missing front-matter
story\scene-trinity-formation.md,missing front-matter
story\SOLDIER-PERSPECTIVES-BREAKDOWN.md,missing front-matter
story\THORNWOOD-HOLLOW-TACTICAL-CHOREOGRAPHY.md,missing front-matter
story\THORNWOOD-MEMORIALS-AND-VIGILS.md,missing front-matter
story\SCENES-BY-ARC\ACT-I-CHILDHOOD\ALDRIC-EXECUTION-SCENE.md,missing front-matter
story\SCENES-BY-ARC\ACT-II-ACADEMY\CHAIN-SPEAR-TRAINING.md,missing front-matter
story\SCENES-BY-ARC\ACT-II-ACADEMY\FROSTFANG-TREK.md,missing front-matter
story\SCENES-BY-ARC\ACT-II-ACADEMY\SCENE-TOURNAMENT.md,missing front-matter
story\SCENES-BY-ARC\ACT-III-WAR-AND-FINAL-STAND\AISEN-FINAL-STAND-THORNWOOD.md,missing front-matter
story\SCENES-BY-ARC\ACT-III-WAR-AND-FINAL-STAND\BORDER-VILLAGE-DEFENSE.md,missing front-matter
manuscript\Arcs\ACT-I-OUTLINE.md,missing front-matter
manuscript\Arcs\ACT-II-OUTLINE.md,missing front-matter
manuscript\Arcs\ACT-III-OUTLINE.md,missing front-matter
manuscript\Arcs\Character-Arcs\Aisen\NOTES.md,missing front-matter
manuscript\Arcs\Character-Arcs\Amara\NOTES.md,missing front-matter
manuscript\Arcs\Character-Arcs\Caspian\NOTES.md,missing front-matter
manuscript\Arcs\Character-Arcs\Corvin\NOTES.md,missing front-matter
manuscript\Arcs\Character-Arcs\Elara\NOTES.md,missing front-matter
manuscript\Arcs\Character-Arcs\Harald\NOTES.md,missing front-matter
manuscript\Arcs\Character-Arcs\Kaelen\NOTES.md,missing front-matter
manuscript\Arcs\Character-Arcs\Lysandra\NOTES.md,missing front-matter
manuscript\Arcs\Character-Arcs\Naia\NOTES.md,missing front-matter
manuscript\Arcs\Character-Arcs\Rin\NOTES.md,missing front-matter
manuscript\Arcs\Character-Arcs\Ryo\NOTES.md,missing front-matter
manuscript\Arcs\Character-Arcs\Seraphine\NOTES.md,missing front-matter
manuscript\Arcs\Character-Arcs\Tarovin\NOTES.md,missing front-matter
manuscript\Arcs\Character-Arcs\Tholen\NOTES.md,missing front-matter
manuscript\Arcs\Character-Arcs\Varro\NOTES.md,missing front-matter
manuscript\Chapters\04-Frostfang-Incident-Expanded.md,missing front-matter
manuscript\Chapters\30-Final-Border-Stand-Expanded.md,missing front-matter
manuscript\Chapters\Training-Drills-Master-States.md,missing front-matter
manuscript\Chapters\drafts\Chapter-07-Winter-Snow-and-Caspian.md,missing front-matter
manuscript\Chapters\finals\Chapter-07-Winter-Snow-and-Caspian.md,missing front-matter
manuscript\characters\AISEN-EXPANDED.md,missing front-matter
manuscript\characters\ARTIFICER.md,missing front-matter
manuscript\characters\BLOODHEART.md,missing front-matter
manuscript\characters\CASPIAN-INTEGRATION-GUIDE.md,missing front-matter
manuscript\characters\CASPIAN-VANE-THE-ERASURE.md,missing front-matter
manuscript\characters\CHARACTER-BIBLE.md,missing front-matter
manuscript\characters\CHARACTER-DYNAMICS.md,missing front-matter
manuscript\characters\CHARACTER-VOICE-BANK.md,missing front-matter
manuscript\characters\CLONE-MASTER.md,missing front-matter
manuscript\characters\CORVIN-INTEGRATION-GUIDE.md,missing front-matter
manuscript\characters\CORVIN-THE-HOLLOW-KNIGHT.md,missing front-matter
manuscript\characters\HYDROMANCER.md,missing front-matter
manuscript\characters\KAEL-INTEGRATION-GUIDE.md,missing front-matter
manuscript\characters\KAEL-THE-BEAST-MASTER.md,missing front-matter
manuscript\characters\KAIROS-INTEGRATION-GUIDE.md,missing front-matter
manuscript\characters\KAIROS-QUANTUM-ANOMALY.md,missing front-matter
manuscript\characters\RYO-CHARACTER-SYSTEM.md,missing front-matter
manuscript\characters\RYO-VISION-SEQUENCE.md,missing front-matter
manuscript\characters\WARLOCK.md,missing front-matter
manuscript\characters\allies\KAELEN-THORNWOOD.md,missing front-matter
manuscript\characters\allies\RIN-SHIRAKAWA.md,missing front-matter
manuscript\characters\antagonists\LYSANDRA.md,missing front-matter
manuscript\characters\antagonists\SER-CORVIN-ASHFORD.md,missing front-matter
manuscript\characters\character-world-integration\character-system-navigation.md,missing front-matter
manuscript\characters\duplicates-archive\main\AISEN-CHARACTER-ENHANCEMENT.md,missing front-matter
manuscript\characters\duplicates-archive\main\AISEN.md,missing front-matter
manuscript\characters\family\MIRA.md,missing front-matter
manuscript\characters\family\TAVERN-KEEPER-FATHER.md,missing front-matter
manuscript\characters\main\AMARA.md,missing front-matter
manuscript\characters\main\PIETER-VAN-DER-BERG.md,missing front-matter
manuscript\characters\main\REN-SHIRAKAWA.md,missing front-matter
manuscript\characters\main\TUPAC.md,missing front-matter
manuscript\characters\mentors\cleric-mentor.md,missing front-matter
manuscript\characters\mentors\guard-mentor.md,missing front-matter
manuscript\characters\mentors\MASTER-WEI.md,missing front-matter
manuscript\characters\mentors\SERGEANT-HARALD.md,missing front-matter
manuscript\characters\mentors\TAROVIN.md,missing front-matter
manuscript\characters\side\GARETH.md,missing front-matter
manuscript\characters\side\GRIOT-SANA.md,missing front-matter
manuscript\characters\side\LIRA.md,missing front-matter
manuscript\characters\side\QUARTERMASTER-DAUGHTER.md,missing front-matter
manuscript\characters\side\RETIRED-SOLDIER.md,missing front-matter
manuscript\characters\supporting-cast\academy-headmaster-veredith.md,missing front-matter
manuscript\characters\supporting-cast\blacksmith-artificer-keth.md,missing front-matter
manuscript\characters\supporting-cast\city-guard-commander-ironwall.md,missing front-matter
manuscript\characters\supporting-cast\elara-father-crown-prince.md,missing front-matter
manuscript\characters\supporting-cast\GAEL.md,missing front-matter
manuscript\characters\supporting-cast\HELGA.md,missing front-matter
manuscript\characters\supporting-cast\ILLYAN.md,missing front-matter
manuscript\characters\supporting-cast\information-broker-maven.md,missing front-matter
manuscript\characters\supporting-cast\KOFI.md,missing front-matter
manuscript\characters\supporting-cast\MARTA.md,missing front-matter
manuscript\characters\supporting-cast\MIRA-VOSS.md,missing front-matter
manuscript\characters\supporting-cast\NELLA.md,missing front-matter
manuscript\characters\supporting-cast\RENARD.md,missing front-matter
manuscript\characters\supporting-cast\SER-LEON.md,missing front-matter
manuscript\characters\supporting-cast\STEWARD-KAEL.md,missing front-matter
manuscript\characters\supporting-cast\SUPPORTING-CAST-MANIFEST.md,missing front-matter
manuscript\characters\supporting-cast\tier2-academy-figures.md,missing front-matter
manuscript\characters\supporting-cast\tier2-alliance-contacts.md,missing front-matter
manuscript\characters\supporting-cast\tier2-covenant-operatives.md,missing front-matter
manuscript\characters\supporting-cast\tier3-template-and-examples.md,missing front-matter
manuscript\characters\supporting-cast\ZOLA.md,missing front-matter
manuscript\characters\TIER-ENSEMBLE\BLOODHEART-profile.md,missing front-matter
manuscript\characters\TIER-ENSEMBLE\CLONE-MASTER-profile.md,missing front-matter
manuscript\characters\TIER-ENSEMBLE\HYDROMANCER-profile.md,missing front-matter
manuscript\characters\TIER-ENSEMBLE\KAEL-THE-BEAST-MASTER-profile.md,missing front-matter
manuscript\characters\TIER-ENSEMBLE\KAIROS-QUANTUM-ANOMALY-profile.md,missing front-matter
manuscript\characters\TIER-PRIMARY\AISEN-profile.md,missing front-matter
manuscript\characters\TIER-PRIMARY\CASPIAN-VANE-profile.md,missing front-matter
manuscript\characters\TIER-PRIMARY\CORVIN-ASHFORD-profile.md,missing front-matter
manuscript\micro-scenes\aisen-ryo-campfire-scene.md,missing front-matter
manuscript\micro-scenes\ryo-vision-chasm-prose.md,missing front-matter
finished-manuscript\CUSTOMIZATION_RECIPES.md,missing front-matter
finished-manuscript\FINAL_VERIFICATION_CHECKLIST.md,missing front-matter
finished-manuscript\INTEGRATION_SUMMARY.md,missing front-matter
finished-manuscript\LANDSCAPE_EXPANSION_GUIDE.md,missing front-matter
finished-manuscript\PROJECT_SUMMARY.md,missing front-matter
finished-manuscript\QUICKSTART.md,missing front-matter
finished-manuscript\README.md,missing front-matter
finished-manuscript\REGIONAL_SYSTEMS_INTEGRATION_COMPLETE.md,missing front-matter
finished-manuscript\SYSTEM_GUIDE.md,missing front-matter
finished-manuscript\TEMPLATE_GUIDE.md,missing front-matter
finished-manuscript\.venv\Lib\site-packages\pip\_vendor\idna\LICENSE.md,missing front-matter
finished-manuscript\.venv\Lib\site-packages\pip-26.0.1.dist-info\licenses\src\pip\_vendor\idna\LICENSE.md,missing front-matter
finished-manuscript\.venv\Lib\site-packages\pymupdf-1.27.2.2.dist-info\README.md,missing front-matter
finished-manuscript\cwbook_minimal_package\README.md,missing front-matter
finished-manuscript\final_product\README.md,missing front-matter
