env-top.png,01-A
env-top.png,01-B
env-top.png,01-C
env-top.png,02-A
env-top.png,02-B
env-top.png,02-C
env-top.png,03-A
env-top.png,03-B
env-top.png,03-C
env_city_top.png,04-A
env_city_top.png,04-B
env_city_bottom.png,04-C
env_north_top.png,05-A
env_north_top.png,05-B
env_north_bottom.png,05-C
env_wasteland_top.png,06-A
env_wasteland_top.png,06-B
env_wasteland_bottom.png,06-C
env-bottom.png,07-A
env-bottom.png,07-B
env-bottom.png,07-C
env-bottom.png,08-A
env-bottom.png,08-B
env-bottom.png,08-C
env-bottom.png,09-A
env-bottom.png,09-B
env-bottom.png,09-C
env_city_bottom.png,10-A
env_city_bottom.png,10-B
env-bottom.png,10-C
env_dungeon_top.png,11-A
env_dungeon_top.png,11-B
env_dungeon_bottom.png,11-C
env_dungeon_top.png,12-A
env_dungeon_top.png,12-B
env_dungeon_bottom.png,12-C
env_wasteland_top.png,13-A
env_wasteland_top.png,13-B
env_wasteland_bottom.png,13-C
env_north_top.png,14-A
env_north_top.png,14-B
env_north_bottom.png,14-C
env_city_bottom.png,15-A
env_city_bottom.png,15-B
env-bottom.png,15-C
env_wasteland_bottom.png,16-A
env_wasteland_bottom.png,16-B
env-bottom.png,16-C
